"Oggetto","Body","Creative"
"ONE BLOOD DRAW. MORE THAN 50 CANCERS.","Most cancer screening looks for one cancer at a time — and only a handful of cancers have a standard screening test at all.

The Galleri test works differently. It is a single blood draw that looks for a signal shared by more than 50 types of cancer. When a signal is found, the test also predicts where in the body it is likely to have come from, which tells the physician where to look first.

Galleri is now available at Utah Stem Cells. It is a prescription test, ordered and reviewed by a physician, and it is used in addition to the screening you already do — not in place of it.

If you are 50 or older, or have an elevated risk of cancer, it may be worth a conversation.

Book a consultation to find out what the test can and cannot tell you.

Phone: (801) 999-4860

Web: https://utahstemcells.com/galleri-test/

Important Safety Information: The Galleri test is recommended for use in adults with an elevated risk for cancer, such as those age 50 or older. The test does not detect all cancers and should be used in addition to routine cancer screening tests recommended by a healthcare provider. Use of the test is not recommended in individuals who are pregnant, 21 years old or younger, or undergoing active cancer treatment. A test result of No Cancer Signal Detected does not rule out cancer. A test result of Cancer Signal Detected requires confirmatory diagnostic evaluation by medically established procedures (e.g., imaging) to confirm cancer. False positive and false negative test results do occur. Rx only. The Galleri test was developed, and its performance characteristics determined, by GRAIL. It has not been cleared or approved by the Food and Drug Administration.","Landscape 3:2. Couple 55-65 at a kitchen table in warm morning light, coffee, relaxed conversation — calm and domestic, not clinical.
Headline: ONE BLOOD DRAW. MORE THAN 50 CANCERS.
Subline: Now available at Utah Stem Cells. Prescription test, ordered by a physician.
CTA button: BOOK A CONSULTATION. Logo top left, navy/teal palette.
Avoid: needles, blood tubes, lab coats, hospital settings, worried faces."
"","",""
"IN ADDITION TO YOUR SCREENING. NEVER INSTEAD OF IT.","This is the first thing we say about the Galleri test, before anything else.

Galleri is intended to be used alongside the cancer screening your healthcare provider already recommends — mammography, colonoscopy, cervical screening and the rest. It does not replace any of them.

Those tests look for specific cancers in ways a blood test cannot replicate. Stopping them because you have had a Galleri test would leave you less protected, not more.

What Galleri adds is coverage across cancers that have no routine screening test at all.

Used together, the two do different jobs. Used instead of one another, something gets missed.

Book a consultation and the physician will explain where each one fits.

Phone: (801) 999-4860

Web: https://utahstemcells.com/galleri-test/

Important Safety Information: The Galleri test is recommended for use in adults with an elevated risk for cancer, such as those age 50 or older. The test does not detect all cancers and should be used in addition to routine cancer screening tests recommended by a healthcare provider. Use of the test is not recommended in individuals who are pregnant, 21 years old or younger, or undergoing active cancer treatment. A test result of No Cancer Signal Detected does not rule out cancer. A test result of Cancer Signal Detected requires confirmatory diagnostic evaluation by medically established procedures (e.g., imaging) to confirm cancer. False positive and false negative test results do occur. Rx only. The Galleri test was developed, and its performance characteristics determined, by GRAIL. It has not been cleared or approved by the Food and Drug Administration.","Landscape 3:2. Graphic-led, minimal photography. Two columns separated by a large teal ""+"" (a plus, never a ""vs""):
left column ""YOUR ROUTINE SCREENING"" with small line icons for mammography, colonoscopy, cervical screening;
right column ""GALLERI"" with a single blood-drop-free icon representing a shared signal.
Headline: IN ADDITION. NEVER INSTEAD.
CTA button: BOOK A CONSULTATION. Navy background, teal accents, generous white space.
Avoid: any visual that reads as a comparison or a replacement."
"","",""
"THE CANCERS NOBODY SCREENS FOR","Breast. Colon. Cervical. Prostate. Lung. For these, established screening tests exist, and you probably know whether you are up to date on them.

For most other cancers, there is no routine screening at all. Pancreatic, ovarian, liver, esophageal and many more are usually found only once they begin to cause symptoms.

The Galleri test looks for a signal shared by more than 50 types of cancer from a single blood sample — including many that have no screening test of their own. When a signal is found, it predicts where in the body it is likely to have originated.

It does not detect all cancers, and it does not replace the screening you already do. But it looks where routine screening does not.

Book a consultation to discuss whether it fits your situation.

Phone: (801) 999-4860

Web: https://utahstemcells.com/galleri-test/

Important Safety Information: The Galleri test is recommended for use in adults with an elevated risk for cancer, such as those age 50 or older. The test does not detect all cancers and should be used in addition to routine cancer screening tests recommended by a healthcare provider. Use of the test is not recommended in individuals who are pregnant, 21 years old or younger, or undergoing active cancer treatment. A test result of No Cancer Signal Detected does not rule out cancer. A test result of Cancer Signal Detected requires confirmatory diagnostic evaluation by medically established procedures (e.g., imaging) to confirm cancer. False positive and false negative test results do occur. Rx only. The Galleri test was developed, and its performance characteristics determined, by GRAIL. It has not been cleared or approved by the Food and Drug Administration.","Landscape 3:2. Editorial data-visualisation style, no stock photography.
Left: five solid teal dots labelled Breast, Colon, Cervical, Prostate, Lung.
Right: a wide field of many smaller muted navy dots, unlabelled, representing cancers with no routine screening.
Headline: THE CANCERS NOBODY SCREENS FOR.
Subline: Galleri looks for a signal shared by more than 50 types of cancer.
CTA button: BOOK A CONSULTATION. Clean, calm, zero alarmism.
Avoid: red, warning icons, statistics presented as a threat."
"","",""
"WHAT YOUR RESULT ACTUALLY MEANS","Before you consider the Galleri test, you should know what each result does and does not tell you.

No Cancer Signal Detected does not mean you are cancer-free. It means no recognized signal was found. The test does not detect all cancers, and false negatives occur. Your routine screening matters exactly as much afterward as it did before.

Cancer Signal Detected is not a diagnosis. It calls for confirmatory evaluation through established procedures such as imaging. GRAIL reports that around 62% of detected signals are confirmed as cancer — which also means a meaningful share are not, and that the wait for an answer can be an anxious one.

We would rather you knew all of this before the blood draw than after it.

Book a consultation and the physician will walk you through both outcomes.

Phone: (801) 999-4860

Web: https://utahstemcells.com/galleri-test/

Important Safety Information: The Galleri test is recommended for use in adults with an elevated risk for cancer, such as those age 50 or older. The test does not detect all cancers and should be used in addition to routine cancer screening tests recommended by a healthcare provider. Use of the test is not recommended in individuals who are pregnant, 21 years old or younger, or undergoing active cancer treatment. A test result of No Cancer Signal Detected does not rule out cancer. A test result of Cancer Signal Detected requires confirmatory diagnostic evaluation by medically established procedures (e.g., imaging) to confirm cancer. False positive and false negative test results do occur. Rx only. The Galleri test was developed, and its performance characteristics determined, by GRAIL. It has not been cleared or approved by the Food and Drug Administration.","Landscape 3:2. Muted photographic background: physician and patient seated in conversation, mid-shot, no equipment or instruments visible.
Two cards over the image:
""NO CANCER SIGNAL DETECTED — does not rule out cancer.""
""CANCER SIGNAL DETECTED — not a diagnosis. Requires confirmatory evaluation.""
Headline: WHAT YOUR RESULT ACTUALLY MEANS.
CTA button: BOOK A CONSULTATION.
Note: if a physician appears, it must be the real Dr. Cimikoski.
Avoid: test-result graphics with ticks or crosses, green/red coding."
"","",""
"IS THE GALLERI TEST RIGHT FOR YOU?","It is not right for everyone. And we will say so when it is not.

Galleri is recommended for adults at elevated risk of cancer, such as those age 50 or older. It is not recommended during pregnancy, for anyone 21 or younger, or for people undergoing active cancer treatment.

Beyond age, the question is a clinical one: your personal and family history, your other risk factors, and one worth sitting with — what would you actually do with each possible result?

Some people find the information valuable. Others find the uncertainty of a false positive, or the false reassurance of a negative, harder to live with than not knowing. Both responses are legitimate.

Book a consultation. The physician will help you decide — including advising against the test if that is the honest answer.

Phone: (801) 999-4860

Web: https://utahstemcells.com/galleri-test/

Important Safety Information: The Galleri test is recommended for use in adults with an elevated risk for cancer, such as those age 50 or older. The test does not detect all cancers and should be used in addition to routine cancer screening tests recommended by a healthcare provider. Use of the test is not recommended in individuals who are pregnant, 21 years old or younger, or undergoing active cancer treatment. A test result of No Cancer Signal Detected does not rule out cancer. A test result of Cancer Signal Detected requires confirmatory diagnostic evaluation by medically established procedures (e.g., imaging) to confirm cancer. False positive and false negative test results do occur. Rx only. The Galleri test was developed, and its performance characteristics determined, by GRAIL. It has not been cleared or approved by the Food and Drug Administration.","Landscape 3:2. Man and woman 55-65 outdoors in Utah autumn light, walking and talking, unhurried.
Headline: IS THIS TEST RIGHT FOR YOU?
Checklist overlay, three teal ticks: ""Adults age 50 or older"" / ""Elevated risk of cancer"" / ""Prescription required"".
CTA button: BOOK A CONSULTATION. Logo top left.
Avoid: anyone looking unwell, frail or frightened; clinical environments."
"","",""
"HOW THE GALLERI TEST WORKS HERE","Four steps, with a physician at both ends of them.

1. A consultation. The physician reviews your history and your risk, explains what the test can and cannot tell you, and decides with you whether to order it.

2. A single blood draw, at our clinic in Sandy.

3. The sample is processed by GRAIL's laboratory, which is CLIA-certified and CAP-accredited.

4. The result returns to the ordering physician, who reviews it with you, explains what it means in your situation, and arranges appropriate follow-up if a signal is found.

Our Medical Director, Dr. William Cimikoski, oversees this process personally. You will not be left with a result and no one to explain it.

Book a consultation to get started.

Phone: (801) 999-4860

Web: https://utahstemcells.com/galleri-test/

Important Safety Information: The Galleri test is recommended for use in adults with an elevated risk for cancer, such as those age 50 or older. The test does not detect all cancers and should be used in addition to routine cancer screening tests recommended by a healthcare provider. Use of the test is not recommended in individuals who are pregnant, 21 years old or younger, or undergoing active cancer treatment. A test result of No Cancer Signal Detected does not rule out cancer. A test result of Cancer Signal Detected requires confirmatory diagnostic evaluation by medically established procedures (e.g., imaging) to confirm cancer. False positive and false negative test results do occur. Rx only. The Galleri test was developed, and its performance characteristics determined, by GRAIL. It has not been cleared or approved by the Food and Drug Administration.","Landscape 3:2. Horizontal four-step strip over a warm, well-lit clinic interior (reception or consultation room, not a treatment bay).
Numbered steps: 1 Consultation — 2 Blood draw — 3 GRAIL laboratory — 4 Physician review.
Headline: HOW IT WORKS HERE.
Small portrait of Dr. William Cimikoski bottom right, captioned ""Medical Director"" — must be the real photograph already used on the site.
CTA button: BOOK A CONSULTATION.
Avoid: stock doctors, stethoscopes, generic medical iconography."