keyword,argomento,categoria,priorita
Umbilical Cord Stem Cells: Why Donated Tissue and Not Your Own,"GSC: ""umbilical cord stem cell therapy utah"" pos 2.8 CTR 5.9% | ""mesenchymal stem cells utah"" pos 1.0 CTR 37.5%. Spiega la provenienza (cordone e amniotico DONATI, allogeniche di laboratorio) come elemento distintivo, e perche NON si prelevano dal paziente. Link: stem-cell-joint-regeneration, iv-stem-cell-therapy, prp-joint-treatment",Stem cells,1
Stem Cell Injections for Back Pain: What the Evidence Shows,"GSC: ""stem cell injections for back pain"" gia in posizione 1 senza contenuto dedicato, ""stem cell therapy for back pain"" pos 6.0. Occasione piu facile della coda. Link: back-pain, neck-pain, stem-cell-joint-regeneration",Joint & orthopedic,2
Stem Cell Hair Restoration: Does It Actually Work,"GSC: cluster da oltre 1300 impressioni gia in top 10 (""does stem cell hair restoration work"" pos 10.2, ""...reviews"" pos 7.0, ""...before and after"" pos 5.5, ""side effects"" pos 4.7). La pagina trattamento hair-restoration e ferma in pos 31.7: questo articolo deve spingerla. Link: hair-restoration, hair-loss, prp-therapy",Hair restoration,3
Stem Cell Therapy for Knee Pain: Who It Helps and Who It Does Not,"GSC: ""stem cell therapy for knees"" 371 imp pos 34.7, piu varianti near me e di citta, tutte a zero clic. Candidatura onesta, chi non e idoneo. Link: knee-osteoarthritis, osteoarthritis, stem-cell-joint-regeneration",Joint & orthopedic,4
PRP or Stem Cells: What Each One Is Actually For,"GSC: ""prp and stem cell therapy"" pos 4.4, ""prp injections"" pos 1.3, ""stem cell and prp for joint pain near me"". Chiarire che il PRP e autologo (sangue del paziente) mentre le staminali sono donate: e la domanda che la gente fa davvero. Link: prp-joint-treatment, prp-therapy, stem-cell-joint-regeneration",Stem cells,5
Mesenchymal Stem Cells Explained: What They Are and What They Do,"GSC: ""mesenchymal stem cells utah"" pos 1.0 con CTR 37.5%, ""mesenchymal stem cell therapy near me"", ""injectable stem cells"". Pezzo scientifico divulgativo, rafforza autorita sul cluster madre. Link: stem-cell-joint-regeneration, iv-stem-cell-therapy",Stem cells,6
PRP Injections in Utah: What They Treat and What to Expect,"GSC: ""prp injections utah"" pos 16, ""prp utah"" pos 45, ""prp salt lake city"" pos 72 — il PRP locale e tutto da costruire. Autologo, seduta tipo, tempi di recupero. Link: prp-therapy, prp-joint-treatment, vampire-facial",PRP,7
Stem Cell Therapy for Neuropathy: Realistic Expectations,"GSC: ""stem cell injections for neuropathy"" pos 8.2, ""stem cell treatment for neuropathy near me"" 139 imp, varianti di citta a zero clic. La pagina neuropathy e in pos 40.9. Toni molto prudenti, nessuna promessa. Link: neuropathy, stem-cell-joint-regeneration",Neuro,8
Stem Cell Therapy for Shoulder Pain: Non-Surgical Options,"GSC: ""stem cell injection for shoulder south jordan"" 244 imp, pagina shoulder-pain in pos 32.5. Link: shoulder-pain, osteoarthritis, stem-cell-joint-regeneration",Joint & orthopedic,9
What Happens During a Stem Cell Treatment: Step by Step,"GSC: regge ""stem cell therapy utah"" (5587 imp, pos 6.8) e ""stem cell therapy near me"" (2981 imp, pos 17.7). Non duplicare la home: qui il percorso concreto, dalla visita al follow-up. Link: stem-cell-joint-regeneration, iv-stem-cell-therapy, about-us",Stem cells,10
Stem Cell Therapy for Autism: What Families Should Know,"GSC: cluster da circa 1500 impressioni (""stem cell therapy for autistic child"" pos 13.7, ""...for autism near me"" pos 17.5); la pagina autism fa gia 107 clic ma e in pos 22.7. ATTENZIONE: tema YMYL delicato, nessuna promessa di miglioramento, non FDA-approved, idoneita decisa dal medico, niente aneddoti. Link: autism, cerebral-palsy",Neuro,11
Are Stem Cell Therapy Results Permanent? An Honest Answer,"GSC: domanda ricorrente dietro ""stem cell therapy utah cost"" (801 imp, pos 11.7) e alle query di recensioni. NIENTE PREZZI: spostare il discorso su durata, mantenimento e fattori individuali. Link: stem-cell-joint-regeneration, knee-osteoarthritis, hair-restoration",Stem cells,12
Stem Cells vs Cortisone for Knee Arthritis: What the Research Says,"Confronto onesto (studio MILES), quando ha senso l'uno o l'altro. Link: knee-osteoarthritis, stem-cell-joint-regeneration, prp-joint-treatment",Joint & orthopedic,102
How to Choose a Stem Cell Clinic: Red Flags to Avoid,"E-E-A-T, avvisi FDA, domande da fare. Link: stem-cell-joint-regeneration, about",Trust & education,103
Is Stem Cell Therapy FDA-Approved? What Patients Should Know,"Trasparenza, stato regolatorio, cosa significa per il paziente. Link: stem-cell-joint-regeneration, iv-stem-cell-therapy",Trust & education,104
Are You a Good Candidate for Stem Cell Joint Therapy,"Grado di artrosi (KL), aspettative realistiche. Link: knee-osteoarthritis, osteoarthritis, joint-pain, stem-cell-joint-regeneration",Joint & orthopedic,105
PRP vs Exosomes for Hair Loss: What Is Backed by Evidence,"Trend 2026, PRP piu supportato; noi offriamo PRP hair. Link: hair-restoration, hair-loss",Hair,106
Does PRP Really Regrow Hair? What to Expect,"Onesto, before/after, tempi. Link: hair-restoration, hair-loss",Hair,107
Vampire Facial vs Microneedling: Which Is Right for You,"Confronto; noi offriamo entrambi. Link: vampire-facial, microneedling, morpheus8",Aesthetics,108
Vampire Facelift vs Vampire Facial: What Is the Difference,"Chiarire i due trattamenti. Link: vampire-facelift, vampire-facial",Aesthetics,109
Are Stem Cell Face Creams a Scam? What the Science Says,"Myth-busting, marketing vs realta. Link: vampire-facial, microneedling",Aesthetics,110
NAD+ IV Therapy: Hype vs What It Actually Does,"Onesto, cosa fa/non fa. Link: nad-iv-therapy, iv-therapy",Longevity & IV,111
Peptide Therapy Explained: What Is Real and What Is Marketing,"Scienza vs hype. Link: peptide-therapy, hormone-pellet-therapy",Longevity & IV,112
IV Vitamin Therapy: Who Actually Benefits,"Onesto, casi d'uso. Link: iv-vitamin-infusions, iv-therapy, wellness-injections",Longevity & IV,113
Does the O-Shot Actually Work? An Honest Look,"Evidenza dibattuta, aspettative realistiche. Link: o-shot, votiva-femtite",Sexual wellness,114
The P-Shot for ED: Realistic Expectations vs the Hype,"Onesto, PRP autologo. Link: p-shot, penile-enhancement, erectile-dysfunction",Sexual wellness,115
Medical Weight Loss With GLP-1 (Semaglutide): What to Expect,"Supervisione medica, cosa aspettarsi. Link: medical-weight-loss",Weight loss,116
Stem Cells for Weight Loss? Why We Do Not Do That,"Correzione mito, sourcing corretto. Link: medical-weight-loss, iv-stem-cell-therapy",Weight loss,117
Rotator Cuff Injury: Can Regenerative Medicine Help You Avoid Surgery,"Onesto, quando si/quando no. Link: shoulder-pain, stem-cell-joint-regeneration, prp-joint-treatment",Joint & orthopedic,118
Back Pain and Regenerative Medicine: Non-Surgical Options,"Opzioni non chirurgiche. Link: back-pain, stem-cell-joint-regeneration, prp-joint-treatment",Joint & orthopedic,119
Hormone Optimization: When Low Testosterone or Menopause Is the Real Issue,"Ormoni ed energia. Link: hormone-pellet-therapy, peptide-therapy",Hormones,120
Regenerative Medicine and Neuropathy: What Is Realistic,"Prudente YMYL, valutazione medica. Link: neuropathy, iv-stem-cell-therapy",Conditions,121
The Longevity Trend: Separating Science From Social Media Hype,"Manifesto del brand onesto. Link: nad-iv-therapy, peptide-therapy, iv-therapy",Longevity & IV,122
Microneedling With PRP: Why the Combination Works,"Sinergia. Link: microneedling, vampire-facial, hair-restoration",Aesthetics,123
Hip Pain After 50: Non-Surgical Regenerative Options,"Opzioni per anca. Link: hip-pain, osteoarthritis, stem-cell-joint-regeneration",Joint & orthopedic,124
