Oggetto,Body,Creative
KEEP DOING WHAT YOU LOVE,"Joint pain shouldn’t keep you from enjoying the life you’ve worked hard for.

If a joint previously treated at Utah Stem Cells is causing pain again, you can have that same joint treated again for only $2,200.

And if pain has started in a new joint, you can receive 10% OFF your initial treatment.

Once that new joint has been treated, it will also be eligible for future retreatment for only $2,200 for the rest of your life.

More walks. More adventures. More time doing what you love.

Contact Utah Stem Cells today to learn more.

Phone: (801) 999-4860

Web: https://utahstemcells.com/contact/",
,,
DON’T LET JOINT PAIN SLOW YOU DOWN,"Staying active becomes even more important as we get older — and joint pain can make the activities you enjoy harder than they should be.

If a joint previously treated at Utah Stem Cells is causing pain again, you can receive retreatment for only $2,200.

Experiencing pain in a new joint?

Receive 10% OFF your initial treatment. Once treated, that joint will also qualify for future retreatment for only $2,200 for the rest of your life.

Keep moving. Keep enjoying life. Keep doing the things that matter to you.

Contact us today for more information.

Phone: (801) 999-4860

Web: https://utahstemcells.com/contact/",
,,
HEALTHY JOINTS. BRIGHTER DAYS.,"Joint pain can make hiking, walking, traveling, and everyday activities more difficult.

But remember: your Utah Stem Cells treatment benefits are designed to stay with you.

If a previously treated joint is causing pain again, you can have it treated again for only $2,200.

If you’re experiencing pain in a new joint, you can receive 10% OFF your initial treatment.

After that first treatment, the new joint will also be eligible for retreatment for only $2,200 for the rest of your life.

Don’t let joint pain decide what you can and can’t do.

Request more information today.

Phone: (801) 999-4860

Web: https://utahstemcells.com/contact/",
,,
GET BACK TO WHAT MOVES YOU,"Running, training, hiking, and staying active put demands on your joints.

If joint pain is getting between you and the activities you love, remember the benefits available to you at Utah Stem Cells.

Previously treated joint causing pain again?

You can have that joint treated again for only $2,200.

Pain in a new joint?

Receive 10% OFF your initial treatment — and once treated, that joint will be eligible for future retreatment for only $2,200 for the rest of your life.

Keep moving. Keep challenging yourself. Keep doing what you love.

Contact Utah Stem Cells today.

Phone: (801) 999-4860

Web: https://utahstemcells.com/contact/",
,,
PLAY MORE. HURT LESS.,"Whether it’s golf, tennis, cycling, hiking, or simply staying active, joint pain can make it harder to perform and enjoy the sports you love.

If a joint previously treated at Utah Stem Cells is causing pain again, you can have that joint treated again for only $2,200.

Have pain in a new joint?

You can receive 10% OFF your initial treatment.

Once that joint has been treated, you’ll also be eligible for future retreatment of that joint for only $2,200 for the rest of your life.

Spend less time thinking about your joints and more time doing what keeps you active.

Contact Utah Stem Cells today to learn more.

Phone: (801) 999-4860

Web: https://utahstemcells.com/contact/",
,,
MORE MOVEMENT. MORE LIFE.,"An active lifestyle doesn’t have to stop because joint pain comes back.

If you’ve previously treated a joint at Utah Stem Cells and it’s causing pain again, you can have that same joint treated again for only $2,200.

And if a new knee, shoulder, hip, or other joint is starting to bother you, you can receive 10% OFF your initial treatment.

After treatment, that new joint will also become eligible for future retreatment for only $2,200 for the rest of your life.

Stay active. Keep exploring. Keep doing what makes you feel your best.

Contact us today for more information.

Phone: (801) 999-4860

Web: https://utahstemcells.com/contact/",